{"cameraMode":{"drawMode":0,"name":"Shaded","section":"Shading Mode"},"sceneLighting":true,"audioPlay":false,"sceneViewState":{"m_AlwaysRefresh":false,"showFog":true,"showSkybox":true,"showFlares":true,"showImageEffects":true,"showParticleSystems":true,"showVisualEffectGraphs":true,"m_FxEnabled":true},"in2DMode":false,"pivot":{"x":1.2661659717559815,"y":3.8853704929351808,"z":-0.12234615534543991},"rotation":{"x":-0.08370397239923477,"y":0.7668240070343018,"z":-0.10211213678121567,"w":-0.6282731890678406},"size":5.16349983215332,"orthographic":false}